{
    "colors": [
      {"name": "Red", "hex_code": "#FF0000"},
      {"name": "Green", "hex_code": "#00FF00"},
      {"name": "Blue", "hex_code": "#0000FF"},
      {"name": "Yellow", "hex_code": "#FFFF00"},
      {"name": "Cyan", "hex_code": "#00FFFF"},
      {"name": "Magenta", "hex_code": "#FF00FF"},
      {"name": "Black", "hex_code": "#000000"},
      {"name": "White", "hex_code": "#FFFFFF"},
      {"name": "Gray", "hex_code": "#808080"},
      {"name": "Pink", "hex_code": "#FFC0CB"},
      {"name": "Orange", "hex_code": "#FFA500"},
      {"name": "Brown", "hex_code": "#A52A2A"},
      {"name": "Purple", "hex_code": "#800080"},
      {"name": "Indigo", "hex_code": "#4B0082"},
      {"name": "Violet", "hex_code": "#EE82EE"},
      {"name": "Lime", "hex_code": "#00FF00"},
      {"name": "Gold", "hex_code": "#FFD700"},
      {"name": "Silver", "hex_code": "#C0C0C0"},
      {"name": "Beige", "hex_code": "#F5F5DC"},
      {"name": "Ivory", "hex_code": "#FFFFF0"},
      {"name": "Mint", "hex_code": "#98FF98"},
      {"name": "Lavender", "hex_code": "#E6E6FA"},
      {"name": "Peach", "hex_code": "#FFDAB9"},
      {"name": "Salmon", "hex_code": "#FA8072"},
      {"name": "Turquoise", "hex_code": "#40E0D0"},
      {"name": "Coral", "hex_code": "#FF7F50"},
      {"name": "Crimson", "hex_code": "#DC143C"},
      {"name": "Maroon", "hex_code": "#800000"},
      {"name": "Azure", "hex_code": "#007FFF"},
      {"name": "Teal", "hex_code": "#008080"},
      {"name": "Charcoal", "hex_code": "#36454F"},
      {"name": "Periwinkle", "hex_code": "#CCCCFF"},
      {"name": "Rose", "hex_code": "#FF007F"},
      {"name": "Copper", "hex_code": "#B87333"},
      {"name": "Emerald", "hex_code": "#50C878"},
      {"name": "Chocolate", "hex_code": "#D2691E"},
      {"name": "Tan", "hex_code": "#D2B48C"},
      {"name": "Aquamarine", "hex_code": "#7FFFD4"},
      {"name": "Honeydew", "hex_code": "#F0FFF0"},
      {"name": "Royal Blue", "hex_code": "#4169E1"},
      {"name": "Mint Cream", "hex_code": "#F5FFFA"},
      {"name": "Snow", "hex_code": "#FFFAFA"},
      {"name": "Slate Gray", "hex_code": "#708090"},
      {"name": "Light Sky Blue", "hex_code": "#87CEFA"},
      {"name": "Dark Sea Green", "hex_code": "#8FBC8F"},
      {"name": "Medium Purple", "hex_code": "#9370DB"},
      {"name": "Dark Olive Green", "hex_code": "#556B2F"},
      {"name": "Lavender Blush", "hex_code": "#FFF0F5"},
      {"name": "Alice Blue", "hex_code": "#F0F8FF"},
      {"name": "Blanched Almond", "hex_code": "#FFEBCD"},
      {"name": "Papaya Whip", "hex_code": "#FFEFD5"},
      {"name": "Misty Rose", "hex_code": "#FFE4E1"},
      {"name": "Lemon Chiffon", "hex_code": "#FFFACD"},
      {"name": "Moccasin", "hex_code": "#FFE4B5"},
      {"name": "Wheat", "hex_code": "#F5DEB3"},
      {"name": "Burly Wood", "hex_code": "#DEB887"},
      {"name": "Cadet Blue", "hex_code": "#5F9EA0"},
      {"name": "Dark Khaki", "hex_code": "#BDB76B"},
      {"name": "Dark Slate Blue", "hex_code": "#483D8B"},
      {"name": "Slate Blue", "hex_code": "#6A5ACD"},
      {"name": "Medium Orchid", "hex_code": "#BA55D3"},
      {"name": "Medium Violet Red", "hex_code": "#C71585"},
      {"name": "Deep Pink", "hex_code": "#FF1493"},
      {"name": "Fuchsia", "hex_code": "#FF00FF"},
      {"name": "Light Pink", "hex_code": "#FFB6C1"},
      {"name": "Spring Green", "hex_code": "#00FF7F"},
      {"name": "Lawn Green", "hex_code": "#7CFC00"},
      {"name": "Forest Green", "hex_code": "#228B22"},
      {"name": "Olive Drab", "hex_code": "#6B8E23"},
      {"name": "Sienna", "hex_code": "#A0522D"},
      {"name": "Saddle Brown", "hex_code": "#8B4513"},
      {"name": "Indian Red", "hex_code": "#CD5C5C"},
      {"name": "Light Coral", "hex_code": "#F08080"},
      {"name": "Dark Salmon", "hex_code": "#E9967A"},
      {"name": "Firebrick", "hex_code": "#B22222"},
      {"name": "Dark Red", "hex_code": "#8B0000"},
      {"name": "Dim Gray", "hex_code": "#696969"},
      {"name": "Light Steel Blue", "hex_code": "#B0C4DE"},
      {"name": "Royal Blue", "hex_code": "#4169E1"},
      {"name": "Sea Green", "hex_code": "#2E8B57"},
      {"name": "Medium Sea Green", "hex_code": "#3CB371"},
      {"name": "Spring Green", "hex_code": "#00FF7F"},
      {"name": "Light Green", "hex_code": "#90EE90"},
      {"name": "Olive", "hex_code": "#808000"}
    ]
  }
  