{
    "fonts": [
      {"name": "Arial", "category": "Sans-serif"},
      {"name": "Verdana", "category": "Sans-serif"},
      {"name": "Helvetica", "category": "Sans-serif"},
      {"name": "Tahoma", "category": "Sans-serif"},
      {"name": "Trebuchet MS", "category": "Sans-serif"},
      {"name": "Courier New", "category": "Monospace"},
      {"name": "Georgia", "category": "Serif"},
      {"name": "Times New Roman", "category": "Serif"},
      {"name": "Garamond", "category": "Serif"},
      {"name": "Comic Sans MS", "category": "Sans-serif"},
      {"name": "Arial Black", "category": "Sans-serif"},
      {"name": "Impact", "category": "Sans-serif"},
      {"name": "Lucida Console", "category": "Monospace"},
      {"name": "Consolas", "category": "Monospace"},
      {"name": "Monaco", "category": "Monospace"},
      {"name": "Courier", "category": "Monospace"},
      {"name": "Palatino Linotype", "category": "Serif"},
      {"name": "Book Antiqua", "category": "Serif"},
      {"name": "Century", "category": "Serif"},
      {"name": "Century Gothic", "category": "Sans-serif"},
      {"name": "Lucida Sans Unicode", "category": "Sans-serif"},
      {"name": "Frank Ruhl Libre", "category": "Serif"},
      {"name": "Fira Sans", "category": "Sans-serif"},
      {"name": "Roboto", "category": "Sans-serif"},
      {"name": "Open Sans", "category": "Sans-serif"},
      {"name": "Lato", "category": "Sans-serif"},
      {"name": "Montserrat", "category": "Sans-serif"},
      {"name": "Raleway", "category": "Sans-serif"},
      {"name": "Poppins", "category": "Sans-serif"},
      {"name": "Merriweather", "category": "Serif"},
      {"name": "Playfair Display", "category": "Serif"},
      {"name": "Source Sans Pro", "category": "Sans-serif"},
      {"name": "Nunito", "category": "Sans-serif"},
      {"name": "Muli", "category": "Sans-serif"},
      {"name": "Work Sans", "category": "Sans-serif"},
      {"name": "Droid Serif", "category": "Serif"},
      {"name": "Ubuntu", "category": "Sans-serif"},
      {"name": "Lora", "category": "Serif"},
      {"name": "Oswald", "category": "Sans-serif"},
      {"name": "Quicksand", "category": "Sans-serif"},
      {"name": "PT Sans", "category": "Sans-serif"},
      {"name": "Bitter", "category": "Serif"},
      {"name": "Dosis", "category": "Sans-serif"},
      {"name": "Karla", "category": "Sans-serif"},
      {"name": "Tisa", "category": "Serif"},
      {"name": "Arvo", "category": "Serif"},
      {"name": "Raleway Dots", "category": "Sans-serif"},
      {"name": "Roboto Slab", "category": "Serif"},
      {"name": "Anton", "category": "Sans-serif"},
      {"name": "Exo", "category": "Sans-serif"},
      {"name": "Asap", "category": "Sans-serif"},
      {"name": "Roboto Mono", "category": "Monospace"},
      {"name": "Slabo 27px", "category": "Serif"},
      {"name": "Bree Serif", "category": "Serif"},
      {"name": "Zilla Slab", "category": "Serif"},
      {"name": "Signika", "category": "Sans-serif"},
      {"name": "Teko", "category": "Sans-serif"},
      {"name": "Pangolin", "category": "Sans-serif"},
      {"name": "Varela Round", "category": "Sans-serif"},
      {"name": "Lobster", "category": "Cursive"},
      {"name": "Pacifico", "category": "Cursive"},
      {"name": "Permanent Marker", "category": "Cursive"},
      {"name": "Great Vibes", "category": "Cursive"},
      {"name": "Dancing Script", "category": "Cursive"},
      {"name": "Rock Salt", "category": "Cursive"},
      {"name": "Bangers", "category": "Display"},
      {"name": "Laila", "category": "Sans-serif"},
      {"name": "Cinzel", "category": "Serif"},
      {"name": "Alegreya", "category": "Serif"},
      {"name": "Cinzel Decorative", "category": "Serif"},
      {"name": "Cinzel", "category": "Serif"},
      {"name": "Rokkitt", "category": "Serif"},
      {"name": "Khand", "category": "Serif"},
      {"name": "Averia Sans Libre", "category": "Sans-serif"},
      {"name": "Muli", "category": "Sans-serif"},
      {"name": "Sarabun", "category": "Serif"},
      {"name": "Tisa Web", "category": "Serif"},
      {"name": "Prompt", "category": "Sans-serif"},
      {"name": "Inter", "category": "Sans-serif"},
      {"name": "Viga", "category": "Sans-serif"},
      {"name": "Lora", "category": "Serif"},
      {"name": "Merriweather Sans", "category": "Sans-serif"}
    ]
  }
  